<annotation>
	<folder>images</folder>
	<filename>shark_69.jpg</filename>
	<path>/Users/zacliu/Documents/Data Science/Projects_Science/04_Shark_pulse_c/code/tensorflow_shark_detector_v1/dataset/images/shark_69.jpg</path>
	<source>
		<database>Unknown</database>
	</source>
	<size>
		<width>960</width>
		<height>616</height>
		<depth>1</depth>
	</size>
	<segmented>0</segmented>
	<object>
		<name>shark</name>
		<pose>Unspecified</pose>
		<truncated>0</truncated>
		<difficult>0</difficult>
		<bndbox>
			<xmin>86</xmin>
			<ymin>124</ymin>
			<xmax>928</xmax>
			<ymax>443</ymax>
		</bndbox>
	</object>
</annotation>
