<annotation verified="yes">
	<folder>images</folder>
	<filename>shark_206.jpg</filename>
	<path>/Users/zacliu/Documents/Data Science/Projects_Science/04_Shark_pulse_c/code/tensorflow_shark_detector_v1/dataset/images/shark_206.jpg</path>
	<source>
		<database>Unknown</database>
	</source>
	<size>
		<width>500</width>
		<height>333</height>
		<depth>3</depth>
	</size>
	<segmented>0</segmented>
	<object>
		<name>shark</name>
		<pose>Unspecified</pose>
		<truncated>0</truncated>
		<difficult>0</difficult>
		<bndbox>
			<xmin>101</xmin>
			<ymin>50</ymin>
			<xmax>498</xmax>
			<ymax>328</ymax>
		</bndbox>
	</object>
</annotation>
