<annotation>
	<folder>images</folder>
	<filename>shark_42.jpg</filename>
	<path>/Users/zacliu/Documents/Data Science/Projects_Science/04_Shark_pulse_c/code/tensorflow_shark_detector_v1/dataset/images/shark_42.jpg</path>
	<source>
		<database>Unknown</database>
	</source>
	<size>
		<width>264</width>
		<height>198</height>
		<depth>3</depth>
	</size>
	<segmented>0</segmented>
	<object>
		<name>shark</name>
		<pose>Unspecified</pose>
		<truncated>0</truncated>
		<difficult>0</difficult>
		<bndbox>
			<xmin>16</xmin>
			<ymin>18</ymin>
			<xmax>239</xmax>
			<ymax>190</ymax>
		</bndbox>
	</object>
</annotation>
