<annotation>
	<folder>images</folder>
	<filename>shark_223.jpg</filename>
	<path>/Users/zacliu/Documents/Data Science/Projects_Science/04_Shark_pulse_c/code/tensorflow_shark_detector_v1/dataset/images/shark_223.jpg</path>
	<source>
		<database>Unknown</database>
	</source>
	<size>
		<width>650</width>
		<height>431</height>
		<depth>3</depth>
	</size>
	<segmented>0</segmented>
	<object>
		<name>shark</name>
		<pose>Unspecified</pose>
		<truncated>0</truncated>
		<difficult>0</difficult>
		<bndbox>
			<xmin>13</xmin>
			<ymin>2</ymin>
			<xmax>375</xmax>
			<ymax>346</ymax>
		</bndbox>
	</object>
</annotation>
